mean_fit_time,std_fit_time,mean_score_time,std_score_time,param_classifier__learning_rate,param_classifier__n_estimators,params,split0_test_score,split1_test_score,mean_test_score,std_test_score,rank_test_score,split0_train_score,split1_train_score,mean_train_score,std_train_score
25.847992539405823,0.11026871204376221,15.15281331539154,0.019543051719665527,0.1,100,"{'classifier__learning_rate': 0.1, 'classifier__n_estimators': 100}",0.2627000695894224,0.2613314447592068,0.2620157571743146,0.0006843124151078017,4,0.35703648548026806,0.3494643516808275,0.3532504185805478,0.003786066899720275
44.60006594657898,0.02577829360961914,27.652497172355652,0.2241147756576538,0.1,200,"{'classifier__learning_rate': 0.1, 'classifier__n_estimators': 200}",0.2826747720364742,0.27076923076923076,0.27672200140285247,0.005952770633621707,3,0.3898580121703854,0.3700802819659291,0.37996914706815726,0.00988886510222814
26.009498715400696,0.01908409595489502,15.479597926139832,0.2095566987991333,0.5,100,"{'classifier__learning_rate': 0.5, 'classifier__n_estimators': 100}",0.28762414056531704,0.2821234290001876,0.2848737847827523,0.0027503557825647174,2,0.4126916524701874,0.4066193853427896,0.4096555189064885,0.0030361335636989173
44.76116681098938,0.14869332313537598,28.393860697746277,0.04564535617828369,0.5,200,"{'classifier__learning_rate': 0.5, 'classifier__n_estimators': 200}",0.3235623181919893,0.28324365872405843,0.3034029884580238,0.02015932973396542,1,0.45960076045627374,0.42213757562177906,0.4408691680390264,0.01873159241724734
26.606432676315308,0.0062334537506103516,15.331238269805908,0.006150960922241211,1.0,100,"{'classifier__learning_rate': 1.0, 'classifier__n_estimators': 100}",0.2155601052939456,0.24135049306368042,0.22845529917881302,0.012895193884867415,6,0.3799019607843137,0.38981636060100167,0.3848591606926577,0.004957199908343979
43.91653382778168,0.09573519229888916,27.950775027275085,0.23282229900360107,1.0,200,"{'classifier__learning_rate': 1.0, 'classifier__n_estimators': 200}",0.22356112256223243,0.244304932735426,0.23393302764882923,0.010371905086596786,5,0.378099173553719,0.370220513857981,0.37415984370585,0.003939329847869016
